id,user,uid,version,changeset,timestamp
4493469,R438,376715,27,16936177,2013-07-13T12:01:10Z
9853512,OSMF Redaction Account,722137,7,12392102,2012-07-20T21:11:04Z
23023861,4b696d,1420318,17,38588154,2016-04-15T13:45:25Z
24476295,zxlsubway,3640139,8,37307234,2016-02-19T12:11:25Z
24825312,Aleks-Berlin,85218,24,46062052,2017-02-13T21:17:07Z
25093057,jwt8070,2001921,9,22872388,2014-06-11T14:36:55Z
25375841,Esperanza36,83557,2,3177131,2009-11-21T15:51:40Z
25671100,Luis36995,1829683,6,24870083,2014-08-19T20:46:22Z
26119400,GanDhi,253506,2,5440027,2010-08-09T05:07:56Z
26288993,R438,376715,4,11700297,2012-05-25T17:36:02Z
26334387,FreedSky,1236135,3,46442446,2017-02-27T13:30:15Z
26390501,jamesks,2500,6,46257449,2017-02-20T22:03:12Z
26428067,15Tr,1987359,5,36624731,2016-01-16T22:36:30Z
26516004,桨桨0314,3796143,3,38399633,2016-04-08T08:04:50Z
26812224,Lackness Franc,53125,1,554550,2008-09-06T14:54:04Z
27054400,R438,376715,3,11760959,2012-05-31T18:45:34Z
28947684,jwt8070,2001921,29,22982156,2014-06-17T11:30:41Z
29151715,R438,376715,4,9080626,2011-08-21T05:04:30Z
29179846,georhoko,1708958,8,37106611,2016-02-09T17:35:53Z
29235330,gerg1,697073,4,13649144,2012-10-27T12:46:08Z
29257567,R438,376715,3,7483478,2011-03-07T12:05:56Z
29309226,R438,376715,2,10444272,2012-01-20T09:03:40Z
29423042,FreedSky,1236135,4,46442890,2017-02-27T13:56:03Z
30065014,R438,376715,5,10966261,2012-03-13T12:54:22Z
30212693,R438,376715,4,12018647,2012-06-26T05:36:58Z
30748403,volare20,3365583,13,35627770,2015-11-28T12:53:02Z
30766509,hanchao,499500,9,24717301,2014-08-13T07:37:29Z
30784273,Chris Parker,51722,8,35739358,2015-12-04T03:29:54Z
30832949,jwt8070,2001921,4,23018484,2014-06-19T08:54:54Z
30838793,antosheng,4727716,8,42916477,2016-10-15T11:54:01Z
31099356,Hermann001,1965631,7,34124121,2015-09-19T16:10:58Z
31961400,ClausHansen,103866,1,773823,2009-03-09T16:35:29Z
33406775,ff5722,3450290,4,44215007,2016-12-06T17:24:38Z
33457231,Jonathan ZHAO,837425,3,16640091,2013-06-21T08:00:36Z
33506195,R438,376715,2,11175375,2012-04-04T11:42:20Z
33611642,Esperanza36,83557,4,13577465,2012-10-21T09:44:01Z
33615466,4rch,1772211,8,31196793,2015-05-16T09:44:50Z
33658134,R438,376715,3,10713216,2012-02-17T17:22:56Z
34104205,Esperanza36,83557,6,13621712,2012-10-24T21:30:27Z
34574599,MrBoot,114770,4,12530391,2012-07-29T04:23:12Z
36454551,Chen Jia,288524,2,28813946,2015-02-13T06:26:42Z
40364943,Lackness Franc,53125,1,2402283,2009-09-07T13:53:33Z
40543904,nuklearerWintersturm,75424,1,2432096,2009-09-10T05:49:48Z
40591213,nuklearerWintersturm,75424,1,2440323,2009-09-10T20:36:21Z
40606183,nuklearerWintersturm,75424,1,2442813,2009-09-11T05:59:50Z
40627622,nuklearerWintersturm,75424,2,2999326,2009-10-31T17:10:17Z
40631339,eBin,973600,3,26268582,2014-10-23T00:37:53Z
40632390,nuklearerWintersturm,75424,2,3002103,2009-10-31T22:16:19Z
40798571,eBin,973600,5,26268582,2014-10-23T00:56:03Z
41656899,R438,376715,13,11559190,2012-05-10T14:03:59Z
41662008,nuklearerWintersturm,75424,2,2767416,2009-10-07T05:38:49Z
42345315,R438,376715,2,10443966,2012-01-20T08:21:59Z
42353627,R438,376715,7,11442221,2012-04-28T16:06:03Z
42366665,R438,376715,5,11018251,2012-03-18T12:37:48Z
42398977,R438,376715,4,12635847,2012-08-06T17:14:42Z
42412801,hanchao,499500,7,25250244,2014-09-05T14:49:09Z
42424193,nuklearerWintersturm,75424,1,2829837,2009-10-12T20:17:55Z
42488873,Couridecs,3770951,4,38265704,2016-04-03T12:13:50Z
42498763,georhoko,1708958,5,37086050,2016-02-08T18:33:07Z
42509075,nuklearerWintersturm,75424,1,2849273,2009-10-14T20:13:26Z
42576880,nuklearerWintersturm,75424,1,2856241,2009-10-15T16:57:22Z
42623424,nuklearerWintersturm,75424,1,2859498,2009-10-15T21:54:12Z
42673589,hanchao,499500,5,25221407,2014-09-04T08:45:34Z
42681405,nuklearerWintersturm,75424,1,2865335,2009-10-16T15:32:24Z
42686779,nuklearerWintersturm,75424,1,2866516,2009-10-16T17:46:09Z
42720164,R438,376715,3,12759050,2012-08-17T07:46:22Z
42746526,hanchao,499500,6,22477926,2014-05-22T02:09:01Z
42749481,R438,376715,8,18437584,2013-10-19T17:19:36Z
42941650,15Tr,1987359,17,36624731,2016-01-16T22:36:17Z
42966049,Tronikon,123364,5,30732455,2015-05-02T21:01:06Z
42987172,15Tr,1987359,8,36624731,2016-01-16T22:37:16Z
43045238,R438,376715,2,7480595,2011-03-07T03:49:38Z
43047284,FreedSky,1236135,2,46443075,2017-02-27T14:04:59Z
43534229,nuklearerWintersturm,75424,1,3003112,2009-11-01T01:31:22Z
43921137,wdmanuel,107148,5,44658532,2016-12-25T09:53:30Z
43926818,RationalTangle,2639622,2,31861388,2015-06-10T06:09:20Z
43929187,nuklearerWintersturm,75424,1,3052986,2009-11-07T00:51:14Z
43976641,nuklearerWintersturm,75424,1,3059857,2009-11-07T23:01:18Z
43977797,nuklearerWintersturm,75424,1,3060075,2009-11-07T23:47:29Z
43977898,nuklearerWintersturm,75424,1,3060075,2009-11-07T23:47:37Z
45788591,wangchun,13721,1,3320846,2009-12-07T23:21:41Z
47502450,krispyduck,105998,4,25243491,2014-09-05T08:52:58Z
47570828,R438,376715,2,12613899,2012-08-04T20:15:43Z
47573379,R438,376715,6,19948792,2014-01-12T09:25:15Z
47575261,15Tr,1987359,5,36624731,2016-01-16T22:24:26Z
47577941,gerg1,697073,4,14777743,2013-01-25T08:10:07Z
47612721,Chen Jia,288524,5,32512107,2015-07-09T07:14:29Z
47660185,Esperanza36,83557,2,3552486,2010-01-06T11:16:10Z
47693387,Chen Jia,288524,7,19911581,2014-01-10T04:01:00Z
47732966,Esperanza36,83557,2,3557785,2010-01-06T22:14:31Z
47867796,ahab003,4497723,2,44096573,2016-12-01T20:38:01Z
48044260,jwsgchk,2054383,9,36951105,2016-02-02T06:45:19Z
48134975,Esperanza36,83557,1,3597784,2010-01-11T18:21:38Z
50633435,R438,376715,3,10026209,2011-12-03T16:45:06Z
50636596,jamesks,2500,3,46257649,2017-02-20T22:09:59Z
51267744,Kartografiertier,2461407,4,28969381,2015-02-20T01:34:06Z
52734252,katpatuka,17497,3,5805135,2010-09-17T16:33:03Z
54816231,katpatuka,17497,3,4371072,2010-04-09T09:19:09Z
55335032,三二一,817064,3,29342409,2015-03-09T02:14:18Z
55343671,快乐书香虎,4794671,5,46357498,2017-02-24T05:10:51Z
55706144,Esperanza36,83557,1,4450211,2010-04-17T18:06:53Z
55788463,jwsgchk,2054383,5,39549109,2016-05-25T05:52:05Z
55884119,Esperanza36,83557,1,4465207,2010-04-19T06:50:10Z
57885665,ThRiedel,255088,1,4591893,2010-05-03T05:55:33Z
58645329,Esperanza36,83557,1,4640363,2010-05-08T16:05:59Z
58692525,adirricor,245439,4,18368245,2013-10-15T13:28:55Z
59167994,Esperanza36,83557,2,13582059,2012-10-21T16:35:58Z
59174495,nuklearerWintersturm,75424,1,4694560,2010-05-14T10:45:04Z
59181719,Chris Parker,51722,6,35739302,2015-12-04T03:14:48Z
59188975,R438,376715,3,11673096,2012-05-22T16:10:31Z
59189090,nuklearerWintersturm,75424,1,4696400,2010-05-14T14:01:40Z
59198157,Esperanza36,83557,2,4804201,2010-05-25T14:39:41Z
59210726,nuklearerWintersturm,75424,1,4698874,2010-05-14T18:41:22Z
59210834,nuklearerWintersturm,75424,1,4698874,2010-05-14T18:41:32Z
59216986,Popolon,27454,2,16761818,2013-06-30T09:14:33Z
59217099,Esperanza36,83557,3,13621791,2012-10-24T21:39:43Z
59221376,Esperanza36,83557,2,13621791,2012-10-24T21:39:45Z
60105895,nuklearerWintersturm,75424,1,4788073,2010-05-23T21:23:23Z
60110824,nuklearerWintersturm,75424,1,4788609,2010-05-23T22:25:57Z
60495793,nuklearerWintersturm,75424,1,4837130,2010-05-28T22:36:52Z
60500567,nuklearerWintersturm,75424,1,4838213,2010-05-28T23:47:24Z
60540233,nuklearerWintersturm,75424,1,4840921,2010-05-29T09:54:34Z
68315146,katpatuka,17497,1,5248234,2010-07-18T08:08:14Z
71401508,katpatuka,17497,1,5433211,2010-08-08T14:00:02Z
74142117,R438,376715,2,12593892,2012-08-03T05:58:00Z
77966307,katpatuka,17497,1,5808715,2010-09-18T04:40:36Z
79292477,Frank Gu,349542,1,5876887,2010-09-26T03:49:11Z
80330534,katpatuka,17497,1,5951617,2010-10-04T09:21:10Z
80902537,Chen Jia,288524,2,38042229,2016-03-24T14:09:12Z
83799291,thu-mapper,352829,2,7643700,2011-03-23T06:30:44Z
84087565,ij_,139957,1,6300310,2010-11-06T07:47:02Z
84359881,adirricor,245439,2,12074381,2012-07-01T10:57:55Z
84619947,thu-mapper,352829,2,6326312,2010-11-09T09:25:54Z
86113406,OSM-Bremen,4446609,4,41632216,2016-08-23T08:21:52Z
86209052,katpatuka,17497,1,6438403,2010-11-23T11:13:29Z
87287292,Dmitry2013,1185631,3,14704657,2013-01-19T09:27:21Z
87287422,greecemapper,23785,4,29735914,2015-03-25T19:24:48Z
88217545,eumiro,29717,1,6563579,2010-12-06T14:23:51Z
89380267,ij_,139957,5,13473557,2012-10-12T23:19:47Z
90942996,ij_,139957,1,6731526,2010-12-22T00:37:14Z
90984955,ij_,139957,1,6734158,2010-12-22T10:55:42Z
91003892,jwt8070,2001921,7,22884453,2014-06-12T09:54:53Z
91015304,ij_,139957,1,6736621,2010-12-22T15:32:24Z
91798850,ij_,139957,3,14037746,2012-11-25T22:03:08Z
93227108,Esperanza36,83557,1,6851775,2011-01-03T16:55:04Z
93847374,R438,376715,2,6902572,2011-01-08T11:46:34Z
94253069,gerg1,697073,2,14693721,2013-01-18T08:41:51Z
97317067,hanchao,499500,7,35785685,2015-12-06T13:29:01Z
102404852,R438,376715,1,7436682,2011-03-02T10:52:05Z
102413730,15Tr,1987359,3,36624731,2016-01-16T22:35:02Z
103009750,ez_duce,203541,2,34044722,2015-09-15T17:06:51Z
103255979,R438,376715,1,7491274,2011-03-08T06:23:22Z
104129610,R438,376715,2,12480877,2012-07-25T04:59:20Z
104637476,R438,376715,1,7592756,2011-03-18T08:21:45Z
105150485,R438,376715,2,12075932,2012-07-01T13:23:40Z
106615243,hanchao,499500,2,17902532,2013-09-18T09:47:41Z
106622975,Roger Zurawicki,1916791,4,23262392,2014-06-29T04:09:58Z
106996386,Esperanza36,83557,1,7751003,2011-04-03T07:51:44Z
107011204,R438,376715,2,11760739,2012-05-31T18:22:17Z
107087208,Say-no,76581,1,7756890,2011-04-03T17:41:09Z
107109355,Popolon,27454,1,7758938,2011-04-03T20:41:08Z
108033654,hanchao,499500,8,42205834,2016-09-16T15:33:49Z
108155190,Chen Jia,288524,2,46410629,2017-02-26T09:16:43Z
108383921,zhongguo,386131,1,7855986,2011-04-13T21:04:58Z
109349623,R438,376715,2,12760856,2012-08-17T10:39:19Z
109368260,R438,376715,1,7914039,2011-04-20T08:44:45Z
111729415,zhongguo,386131,2,8050749,2011-05-04T17:32:18Z
113676072,R438,376715,2,19415242,2013-12-12T15:04:58Z
113814086,R438,376715,1,8181302,2011-05-18T13:49:10Z
114079988,yuchengxi,2872293,7,31435162,2015-05-25T05:20:52Z
114412864,R438,376715,3,8291672,2011-05-30T12:32:59Z
114637124,R438,376715,1,8231741,2011-05-24T03:26:05Z
114735730,adirricor,245439,2,12074381,2012-07-01T10:57:55Z
115330826,R438,376715,3,11537423,2012-05-08T10:08:53Z
115505279,R438,376715,2,8291672,2011-05-30T12:33:06Z
115951199,R438,376715,1,8316946,2011-06-02T07:49:23Z
116988726,zhongguo,386131,1,8392220,2011-06-09T20:46:42Z
117082590,Chen Jia,288524,2,33143936,2015-08-06T00:34:04Z
117089653,andygol,94578,2,27345520,2014-12-08T22:56:10Z
117224385,zhongguo,386131,1,8407745,2011-06-11T17:05:14Z
117574197,zhongguo,386131,1,8431471,2011-06-13T20:42:03Z
117703479,kisaa,68982,2,26753921,2014-11-13T11:27:27Z
117957211,zhongguo,386131,1,8458189,2011-06-16T17:33:32Z
118555341,FreedSky,1236135,3,46441872,2017-02-27T12:59:41Z
119561847,R438,376715,1,8579340,2011-06-29T09:48:42Z
119561988,R438,376715,1,8579340,2011-06-29T09:48:54Z
119562088,R438,376715,1,8579340,2011-06-29T09:49:05Z
119616724,wikihero,316860,1,8582089,2011-06-29T15:37:13Z
120275302,R438,376715,1,8627038,2011-07-04T08:32:18Z
120293550,ethelmermaid,2219985,2,27217447,2014-12-04T04:20:21Z
120383070,R438,376715,1,8635625,2011-07-05T04:25:02Z
120407428,DAJIBA,360397,7,41705893,2016-08-26T04:04:03Z
120491967,R438,376715,2,12142070,2012-07-07T17:07:01Z
120495428,R438,376715,1,8645413,2011-07-06T06:37:06Z
120509336,R438,376715,4,17865856,2013-09-16T11:12:09Z
120772581,R438,376715,1,8662999,2011-07-08T05:30:30Z
121065610,R438,376715,1,8680571,2011-07-10T07:35:54Z
121231301,Kartografiertier,2461407,3,28968914,2015-02-20T00:34:27Z
121370743,R438,376715,3,11722742,2012-05-28T06:09:13Z
121399301,R438,376715,1,8702869,2011-07-12T12:39:46Z
121485736,PeetTheEngineer,68661,4,45354176,2017-01-21T17:08:16Z
121649192,R438,376715,1,8718632,2011-07-14T06:01:03Z
121651215,R438,376715,4,13234286,2012-09-24T14:15:18Z
121777665,Kartografiertier,2461407,16,28972741,2015-02-20T08:37:13Z
121903995,R438,376715,2,12518623,2012-07-28T03:16:18Z
121980935,R438,376715,1,8744647,2011-07-17T06:32:18Z
121991174,R438,376715,3,9794025,2011-11-11T06:22:49Z
122091106,R438,376715,12,16918844,2013-07-11T21:27:05Z
122214320,R438,376715,1,8764930,2011-07-19T06:00:22Z
122345930,R438,376715,1,8774443,2011-07-20T02:40:21Z
122350018,R438,376715,1,8774713,2011-07-20T04:41:09Z
122705365,Chen Jia,288524,2,19947539,2014-01-12T07:01:12Z
126857013,R438,376715,2,10264925,2012-01-01T19:37:49Z
126906004,R438,376715,4,19531859,2013-12-19T14:08:57Z
127017882,R438,376715,1,9080626,2011-08-21T05:03:56Z
127024916,大头雨,2029988,10,21797406,2014-04-19T13:27:26Z
127031104,mousedou,796335,3,15403951,2013-03-18T04:47:49Z
127464444,R438,376715,1,9109009,2011-08-24T03:13:24Z
127468269,MrX_FF,573955,2,20522148,2014-02-12T13:19:29Z
127516339,R438,376715,1,9111850,2011-08-24T12:00:19Z
127529472,FreedSky,1236135,2,46443431,2017-02-27T14:24:56Z
127590726,jaimemd,404532,4,39391324,2016-05-18T05:16:02Z
127699396,R438,376715,1,9126336,2011-08-26T04:39:58Z
127714575,R438,376715,1,9127884,2011-08-26T09:38:20Z
128009722,ff5722,3450290,3,44394504,2016-12-14T10:48:41Z
128248659,R438,376715,2,10839324,2012-03-01T15:53:20Z
128482652,R438,376715,1,9181829,2011-09-01T06:33:19Z
128504961,richlv,47892,3,17305091,2013-08-11T15:47:01Z
128622931,R438,376715,3,9197751,2011-09-03T02:36:43Z
128690892,R438,376715,1,9197822,2011-09-03T03:25:37Z
128883595,R438,376715,2,10835452,2012-03-01T08:57:54Z
129595373,R438,376715,3,13393903,2012-10-07T07:06:01Z
132750938,zhongguo,386131,1,9516182,2011-10-09T19:12:20Z
134688107,trekki,119785,2,9672466,2011-10-27T21:42:50Z
134783506,trekki,119785,1,9660991,2011-10-26T14:58:26Z
134796170,trekki,119785,1,9661601,2011-10-26T16:18:28Z
135173987,trekki,119785,1,9685032,2011-10-29T14:26:48Z
135872791,trekki,119785,1,9738582,2011-11-04T13:47:02Z
136511986,R438,376715,6,17633286,2013-09-02T10:41:27Z
136702231,R438,376715,1,9802803,2011-11-12T09:36:33Z
136879755,R438,376715,3,14556453,2013-01-06T21:52:35Z
138589993,Rub21,510836,6,24201559,2014-07-17T13:33:47Z
139339331,ff5722,3450290,5,44394504,2016-12-14T10:48:41Z
139502706,Dmitry2013,1185631,3,14710269,2013-01-19T16:56:25Z
139880509,R438,376715,1,10043155,2011-12-05T16:08:03Z
141533825,ff5722,3450290,9,44394504,2016-12-14T10:48:43Z
142602146,m77,570487,2,10197280,2011-12-25T02:44:36Z
143599468,R438,376715,5,12635287,2012-08-06T16:24:27Z
143832424,goldenfly5,5176747,3,45985855,2017-02-10T22:30:21Z
144780255,jamesks,2500,2,44765314,2016-12-29T18:54:25Z
144919577,R438,376715,4,12465135,2012-07-24T12:14:43Z
146483201,Dmitry2013,1185631,3,14671703,2013-01-16T12:12:25Z
146586694,R438,376715,1,10443492,2012-01-20T06:34:08Z
146632270,dieterdreist,26139,1,10448183,2012-01-20T16:41:52Z
146712607,R438,376715,1,10454009,2012-01-21T10:42:58Z
149123898,R438,376715,8,18059392,2013-09-27T10:48:10Z
149226258,afetser,560814,1,10616323,2012-02-07T21:03:23Z
150541842,R438,376715,1,10695337,2012-02-15T19:06:02Z
150585637,R438,376715,2,18153646,2013-10-03T00:56:08Z
150607130,R438,376715,1,10700563,2012-02-16T11:01:18Z
150926385,R438,376715,5,18153844,2013-10-03T01:48:06Z
151825222,R438,376715,1,10785893,2012-02-25T09:41:20Z
151917562,R438,376715,3,12612028,2012-08-04T17:33:30Z
151990731,R438,376715,1,10795711,2012-02-26T09:24:05Z
152432068,R438,376715,1,10825161,2012-02-29T06:26:20Z
152445189,R438,376715,1,10826377,2012-02-29T10:06:23Z
152593133,R438,376715,1,10834803,2012-03-01T07:06:17Z
152595421,R438,376715,2,11722697,2012-05-28T06:00:10Z
152606847,ethelmermaid,2219985,2,27217412,2014-12-04T04:12:26Z
152637065,R438,376715,2,12768597,2012-08-18T00:06:04Z
153064743,Manchito,202868,1,10861921,2012-03-03T21:04:13Z
154084475,R438,376715,2,12073560,2012-07-01T09:28:03Z
154197830,RichRico,2219338,4,25085171,2014-08-28T23:05:54Z
154526748,FreedSky,1236135,2,46442446,2017-02-27T13:30:17Z
154860690,R438,376715,1,10965864,2012-03-13T12:11:07Z
155105734,Kartografiertier,2461407,3,28972741,2015-02-20T08:37:11Z
155174322,R438,376715,2,18401077,2013-10-17T10:52:58Z
155588005,R438,376715,1,11019274,2012-03-18T14:13:05Z
156261174,greecemapper,23785,2,29702636,2015-03-24T12:53:40Z
156338825,R438,376715,1,11063915,2012-03-22T15:20:23Z
156453743,qiangliu,3083282,4,33829785,2015-09-06T10:27:19Z
157838516,第100次谎言,2211186,3,33717196,2015-09-01T01:37:30Z
157838636,R438,376715,2,11177330,2012-04-04T14:25:04Z
157872317,R438,376715,1,11177978,2012-04-04T15:23:46Z
158054595,R438,376715,6,18213462,2013-10-06T14:39:39Z
158054723,R438,376715,1,11191607,2012-04-05T16:44:00Z
158145800,R438,376715,3,17744156,2013-09-09T06:17:09Z
158212670,快乐书香虎,4794671,3,43754229,2016-11-18T05:32:54Z
159524546,R438,376715,1,11300309,2012-04-14T15:49:47Z
159539534,R438,376715,2,11301823,2012-04-14T17:58:27Z
159783239,R438,376715,6,19394266,2013-12-11T12:28:34Z
159797840,R438,376715,1,11318391,2012-04-16T06:17:56Z
159812372,R438,376715,2,12758606,2012-08-17T07:00:33Z
160082852,m17design,486052,2,17262234,2013-08-08T05:50:58Z
161287539,Jonathan ZHAO,837425,3,16647707,2013-06-21T18:55:20Z
161355922,R438,376715,1,11435324,2012-04-27T19:06:57Z
161453445,R438,376715,1,11442075,2012-04-28T15:45:11Z
161463766,wdmanuel,107148,2,44792896,2016-12-30T19:30:55Z
161658492,R438,376715,1,11459875,2012-04-30T12:58:04Z
161675351,R438,376715,1,11461242,2012-04-30T15:08:01Z
161687919,Dmitry2013,1185631,2,15030962,2013-02-14T16:28:21Z
161802145,R438,376715,1,11473378,2012-05-01T19:14:11Z
161814659,goldenfly5,5176747,2,45985855,2017-02-10T22:30:22Z
162164967,Charlie_Tsai,637817,1,11504076,2012-05-05T04:20:26Z
162384813,R438,376715,1,11518672,2012-05-06T13:50:45Z
162586755,R438,376715,1,11531095,2012-05-07T17:03:40Z
162970641,R438,376715,1,11559190,2012-05-10T14:03:50Z
163051614,R438,376715,1,11564786,2012-05-11T05:32:17Z
163822323,R438,376715,1,11614868,2012-05-16T14:39:20Z
164177854,olvagor,63969,1,11641612,2012-05-19T11:33:32Z
164177979,olvagor,63969,1,11641612,2012-05-19T11:33:56Z
164226261,jamesks,2500,2,40176338,2016-06-21T10:19:31Z
164587505,samely,2512300,3,32683211,2015-07-16T19:51:08Z
164665753,Sunng,303079,1,11677779,2012-05-23T05:45:24Z
164923064,R438,376715,6,18153602,2013-10-03T00:45:21Z
164929461,ff5722,3450290,4,44215196,2016-12-06T17:34:56Z
164946956,R438,376715,1,11699932,2012-05-25T16:37:09Z
164957361,R438,376715,1,11700986,2012-05-25T19:14:21Z
165169922,R438,376715,2,12021999,2012-06-26T12:27:02Z
165628711,R438,376715,1,11760739,2012-05-31T18:21:34Z
165628834,Dmitry2013,1185631,2,14719558,2013-01-20T13:23:47Z
165634587,R438,376715,2,12894244,2012-08-28T15:47:39Z
165683012,R438,376715,1,11764226,2012-06-01T05:58:38Z
165746171,ff5722,3450290,3,44215196,2016-12-06T17:34:58Z
166490604,R438,376715,1,11826283,2012-06-07T15:31:31Z
167303954,duquennc,702735,1,11893052,2012-06-14T09:59:36Z
167436999,ff5722,3450290,4,46273683,2017-02-21T12:34:02Z
167452255,R438,376715,1,11904179,2012-06-15T12:04:12Z
167648258,R438,376715,3,13236273,2012-09-24T17:11:32Z
168857138,R438,376715,1,11998630,2012-06-24T11:10:12Z
169067556,R438,376715,4,18437475,2013-10-19T17:13:06Z
169095618,RationalTangle,2639622,5,31653673,2015-06-02T04:20:38Z
169204618,MrBoot,114770,2,12100878,2012-07-03T14:47:31Z
169223399,R438,376715,1,12036031,2012-06-27T12:04:33Z
169439325,R438,376715,3,14550713,2013-01-06T15:32:35Z
169587492,R438,376715,1,12066583,2012-06-30T14:51:38Z
169594752,Popolon,27454,2,16761818,2013-06-30T09:40:33Z
169612330,R438,376715,1,12068223,2012-06-30T17:41:12Z
169620676,R438,376715,1,12068782,2012-06-30T18:47:05Z
169678226,R438,376715,1,12072501,2012-07-01T07:04:33Z
169688253,R438,376715,2,12122568,2012-07-05T17:20:38Z
169691106,ez_duce,203541,3,34074916,2015-09-17T02:45:57Z
169694578,adirricor,245439,1,12073910,2012-07-01T10:09:49Z
169703330,adirricor,245439,1,12074883,2012-07-01T11:45:36Z
169707874,adirricor,245439,1,12075411,2012-07-01T12:35:19Z
169985881,MrBoot,114770,1,12100878,2012-07-03T14:47:30Z
170261255,R438,376715,1,12123428,2012-07-05T19:03:51Z
170478073,R438,376715,2,12141590,2012-07-07T16:26:54Z
170633834,R438,376715,1,12152826,2012-07-08T17:33:40Z
170863278,R438,376715,2,12524952,2012-07-28T15:59:31Z
171676769,R438,376715,1,12233400,2012-07-15T17:57:39Z
171926807,Chen Jia,288524,3,38399997,2016-04-08T08:27:10Z
171979661,Dmitry2013,1185631,2,14671703,2013-01-16T12:18:57Z
172180970,R438,376715,1,12340015,2012-07-19T16:39:00Z
172624189,R438,376715,1,12447409,2012-07-23T09:37:30Z
172788769,Chen Jia,288524,2,19544175,2013-12-20T05:36:54Z
172813968,R438,376715,1,12468710,2012-07-24T15:05:47Z
172826304,jamesks,2500,3,44765314,2016-12-29T18:38:43Z
172938376,karitotp,2748195,3,37719621,2016-03-09T20:38:46Z
173183356,Esperanza36,83557,1,12514446,2012-07-27T17:39:46Z
173183456,Esperanza36,83557,1,12514446,2012-07-27T17:40:02Z
173223494,R438,376715,1,12518503,2012-07-28T02:34:09Z
173226873,R438,376715,1,12518930,2012-07-28T05:09:58Z
173319112,richlv,47892,2,30150358,2015-04-11T19:42:19Z
173389716,R438,376715,1,12530150,2012-07-29T02:54:13Z
174149419,R438,376715,1,12588568,2012-08-02T17:36:09Z
174263642,R438,376715,1,12594152,2012-08-03T06:40:31Z
174270951,R438,376715,1,12594904,2012-08-03T08:09:18Z
174524117,R438,376715,1,12613416,2012-08-04T19:32:55Z
174546050,greecemapper,23785,2,26875322,2014-11-18T22:18:04Z
174581516,R438,376715,1,12617170,2012-08-05T08:28:41Z
174799481,R438,376715,1,12635847,2012-08-06T17:14:28Z
175186695,R438,376715,1,12664844,2012-08-09T06:42:28Z
175226698,R438,376715,3,13642430,2012-10-26T19:40:36Z
175381129,R438,376715,1,12676497,2012-08-10T07:17:36Z
175398492,R438,376715,3,16082990,2013-05-11T16:57:29Z
175535870,mousedou,796335,3,19370961,2013-12-10T05:35:34Z
176437965,R438,376715,1,12759050,2012-08-17T07:46:17Z
176576441,ramyaragupathy,2823295,5,33957713,2015-09-11T13:06:24Z
176591978,R438,376715,1,12768700,2012-08-18T00:31:21Z
178307275,R438,376715,1,12892510,2012-08-28T13:19:04Z
178498146,R438,376715,3,17032641,2013-07-21T08:25:15Z
178686519,R438,376715,2,17032704,2013-07-21T08:33:40Z
178770930,MrX_FF,573955,2,20522148,2014-02-12T13:19:37Z
178930308,MrBoot,114770,1,12939403,2012-09-01T08:16:17Z
180188902,luiswoo,311318,1,13039613,2012-09-09T00:19:46Z
180190349,luiswoo,311318,1,13039701,2012-09-09T00:42:51Z
181460548,R438,376715,1,13145403,2012-09-17T16:01:09Z
182047055,R438,376715,1,13186203,2012-09-20T17:14:41Z
182690213,greecemapper,23785,2,29311593,2015-03-07T16:23:35Z
182774303,greecemapper,23785,6,29311593,2015-03-07T16:23:47Z
183455671,Dmitry2013,1185631,3,14993540,2013-02-11T12:41:27Z
183486874,R438,376715,1,13302527,2012-09-29T21:22:51Z
183596061,R438,376715,1,13311582,2012-09-30T16:16:53Z
183822138,Dmitry2013,1185631,2,14993540,2013-02-11T12:32:48Z
183870007,R438,376715,1,13337018,2012-10-02T16:32:46Z
183903023,R438,376715,1,13339619,2012-10-02T20:10:26Z
183924562,ij_,139957,1,13341256,2012-10-02T22:40:30Z
183925486,ij_,139957,1,13341401,2012-10-02T23:00:23Z
184063936,ij_,139957,1,13352942,2012-10-03T20:09:59Z
184212573,ij_,139957,1,13365754,2012-10-04T20:21:11Z
184343622,ij_,139957,1,13377836,2012-10-05T20:22:15Z
184429628,TheKnightWho,2819454,2,30594989,2015-04-28T20:02:14Z
184437812,ij_,139957,1,13385306,2012-10-06T13:54:04Z
184457786,ij_,139957,1,13387572,2012-10-06T16:53:32Z
184469177,ij_,139957,1,13388418,2012-10-06T17:53:54Z
184765141,MrBoot,114770,2,14533377,2013-01-05T03:46:38Z
185370091,ij_,139957,2,14037746,2012-11-25T22:03:15Z
185534947,ij_,139957,1,13472472,2012-10-12T21:20:46Z
185579073,ij_,139957,1,13476488,2012-10-13T09:32:02Z
185579176,ij_,139957,1,13476488,2012-10-13T09:32:18Z
185883799,ij_,139957,1,13499035,2012-10-14T21:28:47Z
185900777,ij_,139957,1,13499801,2012-10-14T23:01:28Z
185901001,ij_,139957,1,13499801,2012-10-14T23:01:50Z
186113260,R438,376715,1,13516477,2012-10-16T09:38:00Z
186748135,MrBoot,114770,2,16159263,2013-05-16T21:22:15Z
187024629,R438,376715,1,13591995,2012-10-22T12:03:09Z
187065922,R438,376715,1,13595268,2012-10-22T16:58:36Z
187794793,R438,376715,1,13638549,2012-10-26T13:44:24Z
187820181,XBear,42537,1,13641086,2012-10-26T17:39:35Z
187820457,Hat600,238793,4,37225735,2016-02-15T14:25:28Z
187842852,Dmitry2013,1185631,2,14993960,2013-02-11T13:11:49Z
187858710,gerg1,697073,2,14680184,2013-01-17T05:38:51Z
187903234,ff5722,3450290,4,44394504,2016-12-14T10:49:05Z
188265904,Dmitry2013,1185631,2,14704657,2013-01-19T09:07:36Z
188956330,Dmitry2013,1185631,2,14660830,2013-01-15T13:34:21Z
188956456,XBear,42537,1,13738242,2012-11-03T19:07:37Z
189306940,Esperanza36,83557,1,13768183,2012-11-06T01:07:16Z
190095893,R438,376715,1,13824785,2012-11-10T19:20:47Z
190427807,jack yao,530257,1,13846046,2012-11-12T12:51:21Z
190562420,Orichalcum,1974059,2,20983378,2014-03-08T08:53:15Z
192763783,ij_,139957,1,14037082,2012-11-25T21:20:44Z
192773906,ij_,139957,1,14037746,2012-11-25T22:02:42Z
193285486,R438,376715,1,14070685,2012-11-28T09:45:24Z
194291841,mousedou,796335,2,15348486,2013-03-13T08:18:35Z
195186214,krispyduck,105998,4,25347041,2014-09-10T12:03:41Z
197882340,dannykath,2226712,7,26223732,2014-10-20T21:40:46Z
199827587,MrBoot,114770,3,18612558,2013-10-30T06:59:33Z
199872544,R438,376715,1,14553660,2013-01-06T18:44:27Z
199958859,R438,376715,1,14559641,2013-01-07T08:34:05Z
200320004,R438,376715,1,14588353,2013-01-09T17:03:14Z
200984414,R438,376715,1,14638848,2013-01-13T18:32:43Z
201330529,R438,376715,1,14666275,2013-01-15T21:21:06Z
201932747,4b696d,1420318,2,35375343,2015-11-17T12:41:30Z
202136244,4b696d,1420318,2,35375343,2015-11-17T12:41:22Z
202359605,Kostik,384084,4,19277810,2013-12-04T19:51:45Z
202626035,gerg1,697073,1,14764861,2013-01-24T05:58:32Z
202773076,ff5722,3450290,2,46273683,2017-02-21T12:34:10Z
204083253,liyingben,150313,2,19538740,2013-12-19T22:27:08Z
205395390,greecemapper,23785,1,15022973,2013-02-13T21:02:11Z
207537083,hanchao,499500,2,18849091,2013-11-12T06:14:16Z
207895319,hanchao,499500,1,15222003,2013-03-02T14:30:47Z
208805044,liyingben,150313,1,15289215,2013-03-08T02:29:17Z
209460718,liyingben,150313,2,15372842,2013-03-15T12:21:08Z
209994296,ff5722,3450290,2,44089946,2016-12-01T16:12:31Z
210641896,nuklearerWintersturm,75424,1,15400394,2013-03-17T19:49:22Z
210646485,nuklearerWintersturm,75424,1,15400994,2013-03-17T20:32:39Z
210654639,nuklearerWintersturm,75424,1,15401653,2013-03-17T21:25:55Z
210697367,mousedou,796335,1,15403951,2013-03-18T04:46:32Z
210697541,R438,376715,2,18247638,2013-10-08T13:42:22Z
210697653,mousedou,796335,1,15403951,2013-03-18T04:46:49Z
210783033,liyingben,150313,1,15409031,2013-03-18T15:03:32Z
213148892,liyingben,150313,1,15516142,2013-03-27T14:04:26Z
216958003,R438,376715,1,15690097,2013-04-11T13:49:50Z
217141320,R438,376715,1,15700897,2013-04-12T12:49:06Z
217341575,第100次谎言,2211186,5,43267787,2016-10-29T15:26:57Z
217856115,jamesks,2500,2,40178269,2016-06-21T11:39:33Z
218118349,R438,376715,1,15800702,2013-04-20T17:48:38Z
218566947,liyingben,150313,1,15833940,2013-04-23T09:03:32Z
219328056,R438,376715,1,15901169,2013-04-28T20:46:22Z
219487531,FRDian,4053486,2,39754113,2016-06-02T17:06:41Z
219661651,R438,376715,1,15933625,2013-05-01T13:30:40Z
219958973,R438,376715,2,18245588,2013-10-08T11:39:24Z
219963992,15Tr,1987359,4,36624731,2016-01-16T22:36:21Z
220906777,R438,376715,1,16082071,2013-05-11T15:52:24Z
221169865,R438,376715,1,16108226,2013-05-13T10:00:07Z
221404013,MrBoot,114770,1,16131920,2013-05-14T21:50:05Z
222603846,万俟璇玑,1431969,3,16235375,2013-05-22T09:50:20Z
224193199,DAJIBA,360397,1,16400274,2013-06-03T02:24:46Z
224841830,4rch,1772211,3,29138086,2015-02-27T15:43:16Z
225001843,Popolon,27454,1,16484078,2013-06-09T16:07:22Z
225648685,Jonathan ZHAO,837425,1,16546056,2013-06-14T06:32:20Z
225932292,jwt8070,2001921,2,22982156,2014-06-17T11:27:58Z
226510047,Jonathan ZHAO,837425,3,16635235,2013-06-20T20:05:28Z
226666778,gap496,3450624,3,35902106,2015-12-12T04:49:58Z
226669021,Plair,2986987,2,38400474,2016-04-08T08:50:43Z
226696321,Jonathan ZHAO,837425,1,16641874,2013-06-21T10:32:33Z
226936599,jamjpan,4814367,2,43398008,2016-11-04T10:14:54Z
227124845,Popolon,27454,1,16683191,2013-06-24T11:58:59Z
227324965,Popolon,27454,1,16697021,2013-06-25T10:43:14Z
227704462,R438,376715,1,16732427,2013-06-27T20:52:54Z
228042469,Popolon,27454,1,16761818,2013-06-30T08:54:03Z
228052306,Popolon,27454,1,16762669,2013-06-30T10:39:41Z
228246713,eBin,973600,2,26268582,2014-10-23T00:43:50Z
229593450,R438,376715,1,16917559,2013-07-11T19:43:37Z
229610046,R438,376715,1,16918914,2013-07-11T21:32:53Z
229705695,R438,376715,1,16929745,2013-07-12T19:21:41Z
229775864,R438,376715,3,18181739,2013-10-04T16:31:06Z
230609501,trekki,119785,1,17029143,2013-07-20T21:49:55Z
230638947,R438,376715,1,17032844,2013-07-21T08:48:15Z
231663906,m17design,486052,6,17224557,2013-08-05T10:12:36Z
231831987,Qi Linzhi,767403,1,17154489,2013-07-30T15:33:34Z
232093781,m17design,486052,1,17187297,2013-08-02T04:01:33Z
232100096,m17design,486052,1,17187924,2013-08-02T06:33:16Z
232100202,Kartografiertier,2461407,3,31130304,2015-05-14T08:36:59Z
232118898,m17design,486052,1,17189469,2013-08-02T09:16:33Z
232400536,georhoko,1708958,3,37091223,2016-02-08T22:41:10Z
232432993,Kartografiertier,2461407,2,31130304,2015-05-14T08:36:59Z
232517036,m17design,486052,1,17238472,2013-08-06T09:07:19Z
232725159,m17design,486052,1,17261708,2013-08-08T04:02:58Z
232867787,m17design,486052,1,17276435,2013-08-09T09:20:11Z
233203221,m17design,486052,2,17325123,2013-08-13T01:42:48Z
233328862,m17design,486052,1,17325123,2013-08-13T01:42:45Z
233350220,m17design,486052,1,17327704,2013-08-13T08:37:11Z
233729909,m17design,486052,1,17370529,2013-08-16T11:27:07Z
234200259,m17design,486052,1,17420180,2013-08-20T02:58:36Z
234252175,wdmanuel,107148,4,44834410,2017-01-02T01:57:23Z
234442007,R438,376715,1,17443426,2013-08-21T16:37:02Z
235270897,hanchao,499500,2,24763889,2014-08-15T10:21:19Z
236209400,R438,376715,2,17633891,2013-09-02T11:28:17Z
237008293,jwt8070,2001921,3,22982156,2014-06-17T11:50:16Z
237264429,快乐书香虎,4794671,3,43395087,2016-11-04T05:32:07Z
237300479,快乐书香虎,4794671,6,45123785,2017-01-13T05:05:28Z
237484245,轩轾CN,510465,1,17777930,2013-09-11T07:11:26Z
237613963,hanchao,499500,1,17793030,2013-09-12T03:09:20Z
237617442,轩轾CN,510465,1,17793447,2013-09-12T05:09:57Z
237950835,R438,376715,1,17834206,2013-09-14T14:48:16Z
237964770,Chen Jia,288524,1,17836088,2013-09-14T16:36:28Z
238292810,liyingben,150313,3,19336738,2013-12-08T08:53:53Z
238412048,hanchao,499500,1,17901219,2013-09-18T08:13:03Z
238459211,R438,376715,1,17906921,2013-09-18T14:17:54Z
238470269,R438,376715,1,17908379,2013-09-18T15:54:54Z
238692790,Chen Jia,288524,2,19862645,2014-01-07T13:10:20Z
238818300,Chen Jia,288524,1,17950594,2013-09-21T06:05:01Z
238914757,hanchao,499500,2,17967412,2013-09-22T05:23:54Z
238922113,hanchao,499500,1,17968482,2013-09-22T07:31:38Z
239029459,Chen Jia,288524,2,17993551,2013-09-23T15:54:30Z
239054003,Chen Jia,288524,2,17993551,2013-09-23T15:54:29Z
239084344,R438,376715,1,17994540,2013-09-23T16:53:21Z
239184514,Chen Jia,288524,1,18008060,2013-09-24T12:17:13Z
239205149,Chen Jia,288524,1,18011397,2013-09-24T15:43:29Z
239307197,Chen Jia,288524,1,18027163,2013-09-25T12:35:42Z
239435424,Chen Jia,288524,1,18044336,2013-09-26T13:00:21Z
239577107,Chen Jia,288524,1,18062265,2013-09-27T14:10:25Z
239577216,Chen Jia,288524,1,18062265,2013-09-27T14:10:32Z
239586294,Chen Jia,288524,1,18063038,2013-09-27T14:58:11Z
239846742,Chen Jia,288524,1,18088333,2013-09-29T08:31:08Z
239865558,Chen Jia,288524,1,18091060,2013-09-29T11:32:55Z
240010972,Chen Jia,288524,2,18113571,2013-09-30T16:23:09Z
240094067,U20,1687166,1,18122824,2013-10-01T08:11:31Z
240148966,Chen Jia,288524,1,18129461,2013-10-01T15:53:05Z
240227445,Chen Jia,288524,3,21222014,2014-03-21T06:06:05Z
240302823,R438,376715,1,18149571,2013-10-02T19:04:39Z
240333296,Chen Jia,288524,1,18154041,2013-10-03T02:34:13Z
240338165,Chen Jia,288524,1,18154688,2013-10-03T04:48:44Z
240486067,Chen Jia,288524,5,19561717,2013-12-21T06:38:27Z
240635781,Chen Jia,288524,1,18195104,2013-10-05T12:50:39Z
240654172,Chen Jia,288524,1,18196595,2013-10-05T14:40:37Z
240819261,Chen Jia,288524,1,18213527,2013-10-06T14:42:57Z
240832251,Liberion,2942361,3,42536768,2016-09-30T08:38:31Z
240903380,Chen Jia,288524,5,38292085,2016-04-04T14:16:54Z
241100376,bigtigerlu,624020,4,42653068,2016-10-05T10:02:30Z
241116830,hanchao,499500,3,42206897,2016-09-16T16:33:47Z
241130453,R438,376715,1,18250815,2013-10-08T16:33:35Z
241254040,R438,376715,1,18264904,2013-10-09T13:37:37Z
241491905,Chen Jia,288524,1,18280139,2013-10-10T12:11:38Z
241884224,Chen Jia,288524,1,18326272,2013-10-13T04:53:20Z
241941999,Chen Jia,288524,2,26136586,2014-10-17T03:44:15Z
242210036,Chen Jia,288524,6,39136341,2016-05-06T06:56:08Z
242220253,adirricor,245439,1,18368245,2013-10-15T13:36:13Z
242312467,MrBoot,114770,1,18380333,2013-10-16T07:10:07Z
242493180,R438,376715,2,18416178,2013-10-18T09:28:03Z
242726742,R438,376715,2,18437775,2013-10-19T17:33:01Z
242945743,Chen Jia,288524,1,18468592,2013-10-21T13:06:27Z
242969677,Chen Jia,288524,4,36361046,2016-01-04T14:34:34Z
243050661,R438,376715,1,18485769,2013-10-22T12:42:34Z
243156814,Chen Jia,288524,1,18501468,2013-10-23T11:53:46Z
243898607,R438,376715,1,18597861,2013-10-29T09:22:25Z
244000595,Chen Jia,288524,1,18612111,2013-10-30T05:51:17Z
244247160,Chen Jia,288524,1,18646154,2013-11-01T03:50:29Z
245161397,Chen Jia,288524,1,18778660,2013-11-08T09:10:11Z
245753062,manmanli,2097780,2,22614850,2014-05-29T09:37:30Z
246120508,happysww,1804601,1,18891965,2013-11-14T11:26:00Z
247164481,hanchao,499500,1,19008066,2013-11-20T08:18:40Z
247171985,hanchao,499500,1,19009116,2013-11-20T09:30:50Z
247175901,nanshanxiadedou,5157121,2,45361506,2017-01-22T01:04:16Z
247351526,hanchao,499500,1,19027474,2013-11-21T02:10:40Z
247398589,hanchao,499500,1,19031832,2013-11-21T10:37:20Z
248195453,hanchao,499500,1,19105388,2013-11-25T08:51:47Z
248274784,Chen Jia,288524,2,38032730,2016-03-24T03:43:06Z
248634798,hanchao,499500,1,19140899,2013-11-27T09:51:16Z
248645174,hanchao,499500,1,19141929,2013-11-27T11:06:09Z
249229637,R438,376715,1,19198346,2013-11-30T17:44:17Z
249741527,Алекс Мок,4814295,2,45483764,2017-01-25T17:31:38Z
250268328,R438,376715,1,19301308,2013-12-06T07:43:13Z
250365909,Popolon,27454,1,19309544,2013-12-06T17:23:37Z
250714909,hanchao,499500,1,19335877,2013-12-08T07:13:54Z
251314292,R438,376715,1,19391954,2013-12-11T09:58:44Z
251486776,R438,376715,1,19412947,2013-12-12T13:09:08Z
251616067,hanchao,499500,2,42374676,2016-09-23T13:56:45Z
251742016,Chen Jia,288524,1,19446346,2013-12-14T11:03:24Z
252087322,R438,376715,1,19477715,2013-12-16T08:16:44Z
252708501,Chen Jia,288524,1,19543616,2013-12-20T03:49:05Z
252762981,Chen Jia,288524,1,19551672,2013-12-20T15:35:21Z
252848282,Chen Jia,288524,1,19561717,2013-12-21T06:38:25Z
253131468,Chen Jia,288524,1,19593640,2013-12-23T04:00:41Z
253329770,Chen Jia,288524,1,19616950,2013-12-24T12:53:08Z
253426415,R438,376715,1,19625655,2013-12-25T05:38:35Z
253593885,Chen Jia,288524,1,19642705,2013-12-26T11:55:00Z
253874703,tymmmy,1852248,1,19670159,2013-12-27T21:53:06Z
253876871,tymmmy,1852248,1,19670374,2013-12-27T22:05:26Z
254299464,Chen Jia,288524,1,19709286,2013-12-30T06:22:20Z
254492324,Chen Jia,288524,2,28441305,2015-01-27T12:40:15Z
254651718,Chen Jia,288524,1,19747380,2014-01-01T16:03:20Z
255022299,Chen Jia,288524,1,19785101,2014-01-03T12:03:09Z
255421597,15Tr,1987359,2,36624731,2016-01-16T22:26:56Z
255743007,hanchao,499500,1,19875600,2014-01-08T04:42:55Z
255793577,hanchao,499500,1,19883778,2014-01-08T15:00:53Z
256265197,Chen Jia,288524,1,19947539,2014-01-12T07:01:05Z
256266160,Chen Jia,288524,1,19947749,2014-01-12T07:34:36Z
256271286,R438,376715,1,19948792,2014-01-12T09:25:11Z
256295119,R438,376715,2,19952534,2014-01-12T13:44:15Z
256453444,hanchao,499500,1,19973813,2014-01-13T15:43:02Z
256696808,Chen Jia,288524,1,20012187,2014-01-15T11:47:07Z
256824800,Chen Jia,288524,1,20031854,2014-01-16T11:29:30Z
257208019,hanchao,499500,1,20079144,2014-01-19T05:38:54Z
257208904,hanchao,499500,1,20079316,2014-01-19T06:05:32Z
257929666,u_kubota,421504,1,20160092,2014-01-23T13:46:29Z
257929806,u_kubota,421504,1,20160092,2014-01-23T13:46:38Z
258088809,u_kubota,421504,1,20176041,2014-01-24T12:11:43Z
258088909,u_kubota,421504,1,20176041,2014-01-24T12:11:51Z
258198517,u_kubota,421504,1,20185845,2014-01-24T22:45:21Z
258445018,Chen Jia,288524,1,20207165,2014-01-26T10:13:38Z
258604849,Chen Jia,288524,1,20224166,2014-01-27T08:02:00Z
258804399,Squirrel1982,1291871,1,20252355,2014-01-28T19:18:34Z
261180770,Chen Jia,288524,1,20515912,2014-02-12T05:41:23Z
262209934,hanchao,499500,1,20636681,2014-02-18T13:36:24Z
262361661,hanchao,499500,1,20652927,2014-02-19T10:12:02Z
262543192,SomeoneElse_Revert,1778799,3,44469749,2016-12-17T13:09:26Z
262848810,hanchao,499500,1,20713809,2014-02-22T13:54:56Z
263037377,hanchao,499500,1,20731704,2014-02-23T13:18:41Z
263617755,ez_duce,203541,4,33854784,2015-09-07T12:10:26Z
263929094,hanchao,499500,1,20841656,2014-03-01T09:25:07Z
264402771,zixuan,1966693,1,20902928,2014-03-04T04:59:00Z
265006588,Orichalcum,1974059,1,20982878,2014-03-08T07:58:13Z
265305576,MintCondition,3091009,2,39276344,2016-05-12T19:33:36Z
266512462,Kostik,384084,2,21640311,2014-04-12T06:26:12Z
267600661,hanchao,499500,1,21220820,2014-03-21T02:31:56Z
267610006,Chen Jia,288524,2,36377385,2016-01-05T10:32:40Z
267948886,hanchao,499500,1,21240817,2014-03-22T10:11:30Z
268525883,hanchao,499500,1,21276677,2014-03-24T02:13:13Z
269850353,DXLi,2012943,2,21449682,2014-04-02T02:23:17Z
270313345,hanchao,499500,1,21398575,2014-03-30T11:17:59Z
270577975,hanchao,499500,2,21418872,2014-03-31T12:30:39Z
271478347,hanchao,499500,1,21479158,2014-04-03T15:48:06Z
272980752,hanchao,499500,1,21582021,2014-04-09T03:45:37Z
274467673,hanchao,499500,1,21700815,2014-04-15T02:13:29Z
275938854,hanchao,499500,1,21835301,2014-04-21T11:14:45Z
276200628,jia199474,1983903,1,21859128,2014-04-22T10:35:26Z
276433868,hanchao,499500,1,21876904,2014-04-23T02:39:00Z
276690083,42429,42429,2,22215876,2014-05-08T18:44:38Z
277744188,mlpnko2025,2869337,2,30996971,2015-05-11T09:47:08Z
277747047,hanchao,499500,1,21991117,2014-04-28T02:49:53Z
277781278,jamesks,2500,1,21997886,2014-04-28T10:07:17Z
278157226,hanchao,499500,1,22037546,2014-04-30T07:23:18Z
279457734,42429,42429,4,22205792,2014-05-08T09:54:03Z
279529318,hanchao,499500,1,22144131,2014-05-05T10:45:27Z
279701839,42429,42429,1,22161348,2014-05-06T08:25:56Z
280166011,chaiko,2019511,1,22200248,2014-05-08T00:21:29Z
281238858,hanchao,499500,1,22282638,2014-05-12T02:30:08Z
281972187,hanchao,499500,1,22344922,2014-05-15T02:14:43Z
283053036,liyingben,150313,1,22437817,2014-05-20T05:28:26Z
285476437,Chen Jia,288524,4,32522056,2015-07-09T15:30:26Z
286013259,Insight Adventures,1987309,1,22706919,2014-06-03T04:34:28Z
286022566,Insight Adventures,1987309,1,22708704,2014-06-03T07:14:11Z
286032659,Insight Adventures,1987309,1,22709929,2014-06-03T08:28:26Z
286050177,Insight Adventures,1987309,1,22710908,2014-06-03T09:33:40Z
286053725,Insight Adventures,1987309,1,22711207,2014-06-03T09:55:00Z
286199790,Insight Adventures,1987309,1,22726244,2014-06-04T03:12:04Z
286201519,Insight Adventures,1987309,1,22726455,2014-06-04T03:40:51Z
286202650,Insight Adventures,1987309,1,22726595,2014-06-04T04:01:45Z
286203208,Insight Adventures,1987309,1,22726766,2014-06-04T04:24:08Z
286213816,Insight Adventures,1987309,1,22728651,2014-06-04T07:24:22Z
286600283,Insight Adventures,1987309,1,22774512,2014-06-06T12:38:41Z
286700863,hanchao,499500,1,22787763,2014-06-07T06:20:09Z
286705236,hanchao,499500,1,22788543,2014-06-07T07:31:53Z
286709069,hanchao,499500,1,22789159,2014-06-07T08:22:11Z
286995997,hanchao,499500,1,22821321,2014-06-09T02:50:22Z
286997042,hanchao,499500,1,22821718,2014-06-09T03:38:21Z
287460964,hanchao,499500,1,22866734,2014-06-11T08:34:01Z
287654071,skyship,643284,1,22881712,2014-06-12T02:42:49Z
287681357,Kostik,384084,3,24378941,2014-07-27T07:27:32Z
287706822,hanchao,499500,1,22890088,2014-06-12T14:33:02Z
287709779,hanchao,499500,1,22890846,2014-06-12T15:09:00Z
289859375,hanchao,499500,1,23172047,2014-06-26T08:28:30Z
292162708,hanchao,499500,1,24060886,2014-07-10T10:21:36Z
293129708,Esperanza36,83557,2,26233600,2014-10-21T12:28:30Z
295065828,xcheny,2772456,2,31753101,2015-06-05T18:46:06Z
296119483,hanchao,499500,1,24567224,2014-08-06T02:19:49Z
297041956,hanchao,499500,1,24656974,2014-08-10T15:11:32Z
297193293,ulfhe,3069589,2,33822530,2015-09-05T21:48:36Z
297313055,ff5722,3450290,2,44089946,2016-12-01T16:12:38Z
297317476,hanchao,499500,1,24694905,2014-08-12T07:01:50Z
297328797,hanchao,499500,1,24697185,2014-08-12T09:18:51Z
297483978,hanchao,499500,1,24716761,2014-08-13T06:52:45Z
297712434,hanchao,499500,1,24740700,2014-08-14T09:43:47Z
297808756,haoyun,1833906,1,24755024,2014-08-14T20:59:41Z
297841472,hanchao,499500,1,24759963,2014-08-15T05:51:38Z
297847684,hanchao,499500,1,24761026,2014-08-15T07:23:55Z
298029966,hanchao,499500,1,24779928,2014-08-16T04:29:33Z
298137843,Antiver,2186907,1,24788335,2014-08-16T14:38:22Z
299410040,krispyduck,105998,1,24925144,2014-08-22T07:02:42Z
300741978,hanchao,499500,1,25088402,2014-08-29T05:47:30Z
301784765,hanchao,499500,1,25225513,2014-09-04T12:42:30Z
301893894,krispyduck,105998,1,25243491,2014-09-05T09:24:01Z
302569525,krispyduck,105998,1,25325623,2014-09-09T11:01:37Z
302729193,Theodin,1219875,1,25346203,2014-09-10T11:03:55Z
302985882,Tong Hui,2221187,2,25402054,2014-09-12T23:06:02Z
304581822,Chen Jia,288524,3,39283379,2016-05-13T06:30:54Z
305390271,jamesks,2500,1,25721796,2014-09-28T10:20:20Z
306324448,andrewpmk,1679,1,25863576,2014-10-05T00:21:10Z
308162874,Chen Jia,288524,5,39258515,2016-05-12T06:15:52Z
311120330,katpatuka,17497,1,26551214,2014-11-04T15:56:40Z
311530403,Chen Jia,288524,1,26612012,2014-11-07T10:40:46Z
311533294,Chen Jia,288524,1,26612617,2014-11-07T11:24:48Z
311534144,Chen Jia,288524,1,26612754,2014-11-07T11:36:47Z
312019392,Chen Jia,288524,1,26680373,2014-11-10T05:00:57Z
312056677,Chen Jia,288524,1,26686987,2014-11-10T12:38:23Z
312365172,Chen Jia,288524,1,26727671,2014-11-12T05:53:24Z
312538945,Chen Jia,288524,1,26749263,2014-11-13T05:41:06Z
312852604,42429,42429,1,26788126,2014-11-14T22:20:43Z
313320774,greecemapper,23785,1,26855558,2014-11-18T00:28:13Z
313515394,Chen Jia,288524,1,26879807,2014-11-19T05:30:28Z
313680517,Chen Jia,288524,1,26907165,2014-11-20T12:49:07Z
313779143,Chen Jia,288524,1,26922122,2014-11-21T06:00:30Z
314356384,Chen Jia,288524,1,27013350,2014-11-25T02:43:55Z
314357504,Chen Jia,288524,1,27013595,2014-11-25T03:43:31Z
314361040,Chen Jia,288524,1,27014187,2014-11-25T05:31:42Z
314771068,DaveLakowski,2381513,1,27077245,2014-11-27T20:43:49Z
317707397,greecemapper,23785,1,27536483,2014-12-17T18:53:53Z
317886806,Chen Jia,288524,1,27563072,2014-12-19T05:40:30Z
317913865,Chen Jia,288524,2,27649225,2014-12-23T12:01:30Z
317918502,15Tr,1987359,3,36624731,2016-01-16T22:12:00Z
317940182,jaimemd,404532,3,39297165,2016-05-13T17:26:56Z
318323174,Chen Jia,288524,1,27622622,2014-12-22T03:27:53Z
318327216,Chen Jia,288524,1,27623138,2014-12-22T04:57:16Z
318478892,Chen Jia,288524,1,27645129,2014-12-23T07:42:10Z
318488253,hulagirl14,3695979,4,41375679,2016-08-10T20:48:52Z
318505823,Chen Jia,288524,1,27649225,2014-12-23T12:01:25Z
318808484,Chen Jia,288524,1,27687576,2014-12-25T11:34:28Z
318815838,Chen Jia,288524,1,27688693,2014-12-25T12:53:57Z
319360463,msdess,593205,1,27769794,2014-12-29T07:13:40Z
320336918,Chen Jia,288524,2,38032300,2016-03-24T02:15:56Z
320614830,Chen Jia,288524,1,27947825,2015-01-06T05:09:57Z
321391176,三二一,817064,1,28053535,2015-01-11T01:01:35Z
322827827,krispyduck,105998,1,28225938,2015-01-18T09:53:35Z
323213172,三二一,817064,3,28273899,2015-01-20T11:37:53Z
323225425,三二一,817064,1,28273160,2015-01-20T10:55:15Z
323672175,jaimemd,404532,3,39297357,2016-05-13T17:39:41Z
324633387,Chen Jia,288524,1,28435353,2015-01-27T05:56:24Z
324914961,Chen Jia,288524,2,32474923,2015-07-07T15:47:24Z
325139298,Chen Jia,288524,1,28480060,2015-01-29T06:12:56Z
325387025,katpatuka,17497,1,28502534,2015-01-30T11:21:43Z
326177939,Chen Jia,288524,1,28581893,2015-02-03T05:11:07Z
326207791,Chen Jia,288524,1,28587298,2015-02-03T11:41:14Z
326318539,Chen Jia,288524,1,28603739,2015-02-04T04:34:17Z
326483623,Chen Jia,288524,1,28624121,2015-02-05T05:35:24Z
326490902,Chen Jia,288524,1,28625176,2015-02-05T07:27:29Z
326733262,Chen Jia,288524,1,28649363,2015-02-06T11:41:27Z
327524607,壬申上元,2653911,1,28765148,2015-02-11T03:33:43Z
327581802,u_kubota,421504,1,28774233,2015-02-11T14:03:30Z
327914791,Chen Jia,288524,2,38289832,2016-04-04T12:27:10Z
328287325,jwsgchk,2054383,4,36970074,2016-02-03T03:10:29Z
328303677,Chen Jia,288524,1,28855891,2015-02-15T05:41:30Z
328305882,Chen Jia,288524,1,28856221,2015-02-15T06:32:31Z
328702001,Chen Jia,288524,1,28900997,2015-02-17T05:55:22Z
329452247,4rch,1772211,4,28999228,2015-02-21T13:52:56Z
329773840,4rch,1772211,2,29057127,2015-02-23T23:52:36Z
329819006,Chen Jia,288524,1,29038798,2015-02-23T08:28:28Z
330065585,ff5722,3450290,2,43968625,2016-11-26T18:05:01Z
330240904,ff5722,3450290,2,44008725,2016-11-28T14:55:41Z
330311281,ff5722,3450290,2,44008725,2016-11-28T14:55:49Z
330468438,ff5722,3450290,2,44008725,2016-11-28T14:55:53Z
330586790,ff5722,3450290,2,44008725,2016-11-28T14:56:01Z
330598825,4rch,1772211,1,29147539,2015-02-28T00:31:52Z
330745046,katpatuka,17497,1,29170528,2015-03-01T06:26:11Z
330893818,ff5722,3450290,2,44008725,2016-11-28T14:56:13Z
331188322,zhengnercv,2557707,2,29379653,2015-03-10T08:47:44Z
331385472,4rch,1772211,2,29717802,2015-03-25T00:42:34Z
331673087,greecemapper,23785,1,29309423,2015-03-07T14:19:44Z
331687324,greecemapper,23785,1,29311593,2015-03-07T16:22:36Z
331760755,u_kubota,421504,1,29320118,2015-03-08T00:34:49Z
331760898,u_kubota,421504,1,29320118,2015-03-08T00:34:59Z
331763242,u_kubota,421504,1,29320393,2015-03-08T01:09:32Z
332203155,SaraW,3424135,4,37001931,2016-02-04T16:30:24Z
332543589,Kartografiertier,2461407,1,29451483,2015-03-13T15:24:46Z
333938755,xcheny,2772456,2,31753101,2015-06-05T18:46:02Z
334053578,sinopitt,253683,1,29642377,2015-03-21T19:19:30Z
334488841,greecemapper,23785,1,29702636,2015-03-24T12:52:43Z
334742241,greecemapper,23785,1,29736614,2015-03-25T19:45:53Z
334871270,4rch,1772211,1,29757537,2015-03-26T16:20:47Z
337006241,Chen Jia,288524,1,30016348,2015-04-06T14:05:18Z
337505360,richlv,47892,2,30119464,2015-04-10T14:45:18Z
338078745,MrBoot,114770,1,30155172,2015-04-12T03:47:45Z
338475869,krispyduck,105998,1,30211543,2015-04-14T13:29:30Z
338619466,Chen Jia,288524,1,30234041,2015-04-15T11:43:04Z
338736316,Chen Jia,288524,1,30255006,2015-04-16T05:23:54Z
341117827,wilkieliu,2123320,1,30569675,2015-04-28T05:44:20Z
342933482,VarvaraKr,2854903,2,31412539,2015-05-24T06:41:57Z
343054112,katpatuka,17497,1,30820410,2015-05-05T19:23:36Z
344054185,Kartografiertier,2461407,1,30956419,2015-05-10T07:47:41Z
344714999,Fangy,1880637,1,31099119,2015-05-13T11:12:58Z
344715149,Fangy,1880637,1,31099119,2015-05-13T11:13:07Z
345428185,RationalTangle,2639622,1,31193946,2015-05-16T06:32:21Z
345676099,RationalTangle,2639622,1,31221615,2015-05-17T09:40:53Z
347258516,RationalTangle,2639622,1,31371796,2015-05-22T13:42:29Z
347800510,RationalTangle,2639622,1,31411316,2015-05-24T04:29:57Z
349978648,Kartografiertier,2461407,1,31577294,2015-05-30T05:42:14Z
350503516,RationalTangle,2639622,1,31625025,2015-06-01T05:32:17Z
350719267,RationalTangle,2639622,1,31653673,2015-06-02T04:20:36Z
351050616,nodje,707530,1,31682353,2015-06-03T04:31:19Z
351672637,RationalTangle,2639622,1,31747705,2015-06-05T14:48:38Z
351854068,RationalTangle,2639622,1,31765657,2015-06-06T10:10:22Z
352272538,RationalTangle,2639622,1,31811145,2015-06-08T10:43:07Z
352521249,RationalTangle,2639622,1,31837842,2015-06-09T09:16:31Z
352724236,RationalTangle,2639622,1,31860690,2015-06-10T05:06:40Z
352736748,RationalTangle,2639622,1,31861632,2015-06-10T06:29:26Z
352783149,RationalTangle,2639622,1,31866013,2015-06-10T10:13:11Z
353153345,Chen Jia,288524,1,31913007,2015-06-12T06:22:27Z
353154535,Chen Jia,288524,1,31913134,2015-06-12T06:31:43Z
354212613,jamesks,2500,2,45712013,2017-02-01T10:41:06Z
354218745,Chen Jia,288524,1,32021175,2015-06-17T05:02:11Z
354237431,Chen Jia,288524,1,32022419,2015-06-17T06:43:48Z
354743878,Chen Jia,288524,1,32066461,2015-06-19T05:39:05Z
354758095,Chen Jia,288524,1,32066970,2015-06-19T06:16:07Z
354891640,Chen Jia,288524,1,32077257,2015-06-19T15:10:44Z
355262164,RationalTangle,2639622,1,32115247,2015-06-21T11:52:49Z
356688321,hanchao,499500,2,32235464,2015-06-27T02:38:45Z
356734296,RationalTangle,2639622,1,32240376,2015-06-27T10:19:17Z
356866667,RationalTangle,2639622,1,32253807,2015-06-28T00:43:33Z
356871639,RationalTangle,2639622,1,32254459,2015-06-28T02:41:42Z
357172838,Chen Jia,288524,1,32283609,2015-06-29T11:56:45Z
357317640,Chen Jia,288524,1,32299694,2015-06-30T05:41:09Z
357429627,Chen Jia,288524,1,32304882,2015-06-30T10:46:47Z
357821694,RationalTangle,2639622,1,32334770,2015-07-01T15:45:36Z
357823429,RationalTangle,2639622,1,32335248,2015-07-01T16:01:15Z
357951389,RationalTangle,2639622,1,32344901,2015-07-02T02:29:36Z
358153542,RationalTangle,2639622,1,32352176,2015-07-02T11:32:17Z
358335637,Chen Jia,288524,1,32385312,2015-07-03T11:30:30Z
358335747,Chen Jia,288524,1,32385312,2015-07-03T11:30:35Z
358984826,u_kubota,421504,1,32461352,2015-07-07T00:00:47Z
359007991,Chen Jia,288524,1,32463080,2015-07-07T04:57:10Z
359189910,Chen Jia,288524,1,32475359,2015-07-07T16:07:07Z
359327417,Chen Jia,288524,1,32492372,2015-07-08T10:53:26Z
359389262,Chen Jia,288524,1,32499287,2015-07-08T16:44:20Z
359389404,Chen Jia,288524,1,32499287,2015-07-08T16:44:26Z
359504469,Chen Jia,288524,1,32512107,2015-07-09T07:14:23Z
359613595,15Tr,1987359,2,36624731,2016-01-16T22:36:37Z
359613734,Chen Jia,288524,1,32522056,2015-07-09T15:30:03Z
359677096,Chen Jia,288524,1,32533345,2015-07-10T02:09:11Z
359677196,Chen Jia,288524,1,32533345,2015-07-10T02:09:17Z
360152889,Chen Jia,288524,1,32583448,2015-07-12T15:44:13Z
361714072,TJRG,2757624,1,32800243,2015-07-22T12:07:42Z
362536849,Wmaria,3080465,1,32902389,2015-07-27T07:41:44Z
364263156,Chen Jia,288524,1,33143936,2015-08-06T00:33:58Z
364440364,Chen Jia,288524,1,33169211,2015-08-07T01:47:26Z
364440465,Chen Jia,288524,1,33169211,2015-08-07T01:47:31Z
364440569,Chen Jia,288524,1,33169211,2015-08-07T01:47:37Z
364446844,Chen Jia,288524,1,33170129,2015-08-07T04:12:42Z
364446944,Chen Jia,288524,1,33170129,2015-08-07T04:12:49Z
364448270,Chen Jia,288524,1,33170359,2015-08-07T04:48:09Z
364451545,Chen Jia,288524,1,33171027,2015-08-07T05:55:30Z
364451651,Chen Jia,288524,1,33171027,2015-08-07T05:55:35Z
364499289,Chen Jia,288524,1,33176770,2015-08-07T10:55:19Z
365029433,Chen Jia,288524,1,33257563,2015-08-11T04:17:11Z
365077756,Chen Jia,288524,1,33263848,2015-08-11T11:39:37Z
365077856,Chen Jia,288524,1,33263848,2015-08-11T11:39:43Z
365081938,Chen Jia,288524,1,33264708,2015-08-11T12:17:53Z
365324310,Chen Jia,288524,1,33291774,2015-08-12T13:28:12Z
365815172,Xuanyu,3127402,1,33347927,2015-08-15T08:04:05Z
366763871,GeGe,370210,1,33475231,2015-08-21T04:27:39Z
367397503,skyship2011,1437436,1,33564738,2015-08-25T08:43:26Z
367746397,Chen Jia,288524,1,33611773,2015-08-27T05:17:29Z
368641400,Luis36995,1829683,1,33731716,2015-09-01T16:10:33Z
369326163,Chen Jia,288524,1,33825471,2015-09-06T05:04:12Z
369327949,Chen Jia,288524,1,33825880,2015-09-06T05:53:56Z
369333295,hanchao,499500,3,41805699,2016-08-30T16:05:26Z
369969414,Chris Parker,51722,1,33926735,2015-09-10T08:23:22Z
370848994,ez_duce,203541,1,34058531,2015-09-16T09:29:46Z
371402261,Hermann001,1965631,1,34111088,2015-09-18T20:35:28Z
371497129,Hermann001,1965631,1,34124121,2015-09-19T16:10:53Z
374075300,Helmchen42,1817244,1,34466489,2015-10-06T11:29:47Z
374771544,Oberaffe,56597,1,34559629,2015-10-10T22:52:22Z
375056668,Esperanza36,83557,1,34607772,2015-10-13T10:09:40Z
377007419,Quelbs,64159,1,34886231,2015-10-26T16:43:31Z
377843164,Chris Parker,51722,1,35009918,2015-11-01T11:43:02Z
378858570,jaimemd,404532,2,39266315,2016-05-12T12:46:49Z
379048516,Esperanza36,83557,1,35164113,2015-11-08T07:48:03Z
380507946,jwsgchk,2054383,2,36930883,2016-02-01T06:58:26Z
383064934,jamesks,2500,2,45721112,2017-02-01T16:45:22Z
384269689,Chris Parker,51722,1,35739433,2015-12-04T03:43:19Z
386166732,FreedSky,1236135,1,35985977,2015-12-16T11:26:28Z
386429057,Chen Jia,288524,1,36021140,2015-12-18T03:47:35Z
386429157,Chen Jia,288524,1,36021140,2015-12-18T03:47:40Z
386433899,Chen Jia,288524,1,36021891,2015-12-18T05:50:09Z
389155200,songbo,3495228,1,36313168,2016-01-02T08:30:38Z
389547817,Chen Jia,288524,1,36361046,2016-01-04T14:34:31Z
389671534,Chen Jia,288524,1,36377385,2016-01-05T10:32:36Z
389689647,Chen Jia,288524,1,36379521,2016-01-05T12:29:23Z
389892647,Chen Jia,288524,1,36405195,2016-01-06T14:55:55Z
390161307,Chen Jia,288524,1,36437222,2016-01-08T01:58:38Z
390164239,Chen Jia,288524,1,36437461,2016-01-08T02:35:02Z
390165686,Chen Jia,288524,1,36437578,2016-01-08T02:58:20Z
390168019,Chen Jia,288524,1,36437854,2016-01-08T03:47:39Z
390168129,Chen Jia,288524,1,36437854,2016-01-08T03:47:45Z
390175849,Chen Jia,288524,1,36438635,2016-01-08T05:58:47Z
390177458,Chen Jia,288524,1,36439037,2016-01-08T06:46:56Z
390177561,Chen Jia,288524,1,36439037,2016-01-08T06:47:00Z
390178447,Chen Jia,288524,1,36439187,2016-01-08T07:05:23Z
390195769,Chen Jia,288524,1,36441977,2016-01-08T10:44:43Z
390195871,Chen Jia,288524,1,36441977,2016-01-08T10:44:48Z
390195988,Chen Jia,288524,1,36441977,2016-01-08T10:44:53Z
390196091,Chen Jia,288524,1,36441977,2016-01-08T10:44:59Z
390196191,Chen Jia,288524,1,36441977,2016-01-08T10:45:04Z
390227201,Chen Jia,288524,1,36445988,2016-01-08T14:29:34Z
390227301,Chen Jia,288524,1,36445988,2016-01-08T14:29:39Z
391182785,+_+,3500546,1,36548947,2016-01-13T12:46:29Z
392384019,sjhbcc,597625,1,36692836,2016-01-20T03:11:04Z
392563307,卫冕1,3540974,1,36715483,2016-01-21T08:44:33Z
393391908,Chen Jia,288524,1,36795577,2016-01-25T12:46:11Z
395005314,蔡小贫,3579958,1,36909070,2016-01-31T02:07:47Z
395699972,jwsgchk,2054383,1,36969738,2016-02-03T02:10:28Z
395732810,Chen Jia,288524,1,36972503,2016-02-03T08:29:40Z
395732911,Chen Jia,288524,1,36972503,2016-02-03T08:29:45Z
395742116,Chen Jia,288524,1,36973161,2016-02-03T09:18:25Z
395755346,Chen Jia,288524,1,36974158,2016-02-03T10:28:10Z
395771447,Chen Jia,288524,1,36975426,2016-02-03T11:48:11Z
398538970,Oberaffe,56597,1,37290139,2016-02-18T15:40:21Z
399008789,breathlesssss,3634676,2,37345556,2016-02-21T12:15:16Z
399048650,breathlesssss,3634676,2,37347675,2016-02-21T14:19:13Z
399662354,sjhbcc,597625,1,37413285,2016-02-24T14:17:54Z
402606928,pieleric,352940,1,37702872,2016-03-09T08:46:22Z
403107012,dannykath,2226712,1,37762392,2016-03-11T15:18:06Z
404254861,yummal,2397580,1,37898283,2016-03-17T14:37:36Z
404333184,Chen Jia,288524,1,37911384,2016-03-18T04:59:12Z
404336305,Chen Jia,288524,1,37911752,2016-03-18T05:49:58Z
404336405,Chen Jia,288524,1,37911752,2016-03-18T05:50:04Z
404336507,Chen Jia,288524,1,37911752,2016-03-18T05:50:09Z
404337741,Chen Jia,288524,1,37911904,2016-03-18T06:07:34Z
404398134,Chen Jia,288524,1,37920225,2016-03-18T14:28:56Z
404398280,Chen Jia,288524,1,37920225,2016-03-18T14:29:04Z
404398413,Chen Jia,288524,1,37920225,2016-03-18T14:29:09Z
404408931,Chen Jia,288524,1,37922507,2016-03-18T15:52:30Z
404558488,Chen Jia,288524,1,37939040,2016-03-19T13:58:16Z
404570838,Chen Jia,288524,1,37940251,2016-03-19T15:13:22Z
404573245,Chen Jia,288524,1,37940679,2016-03-19T15:42:39Z
405140879,Paul Bird,3727025,1,38001978,2016-03-22T15:58:40Z
405324841,Chen Jia,288524,1,38022158,2016-03-23T15:06:48Z
405330970,Chen Jia,288524,1,38023022,2016-03-23T15:53:03Z
405404936,Chen Jia,288524,1,38032300,2016-03-24T02:15:39Z
405407553,Chen Jia,288524,1,38032730,2016-03-24T03:42:55Z
405407653,Chen Jia,288524,1,38032730,2016-03-24T03:43:00Z
405407761,Chen Jia,288524,1,38032730,2016-03-24T03:43:05Z
405414047,Chen Jia,288524,1,38033679,2016-03-24T05:43:29Z
405418145,Chen Jia,288524,1,38034168,2016-03-24T06:28:25Z
405422062,Chen Jia,288524,1,38034707,2016-03-24T07:12:29Z
405430078,Chen Jia,288524,1,38035891,2016-03-24T08:26:38Z
405477158,Chen Jia,288524,1,38042229,2016-03-24T14:09:09Z
405480752,Chen Jia,288524,1,38042626,2016-03-24T14:31:49Z
405585836,Chen Jia,288524,1,38054165,2016-03-25T03:46:16Z
405593680,Chen Jia,288524,1,38055721,2016-03-25T06:15:52Z
405603951,Chen Jia,288524,1,38057511,2016-03-25T08:24:18Z
405604051,Chen Jia,288524,1,38057511,2016-03-25T08:24:24Z
405624981,Chen Jia,288524,1,38059158,2016-03-25T10:05:47Z
406581045,Chen Jia,288524,1,38164362,2016-03-30T11:18:04Z
406637622,jamesks,2500,2,46257649,2017-02-20T22:29:16Z
406699822,Chen Jia,288524,1,38186640,2016-03-31T02:55:19Z
406706265,动感地带,3366297,3,38189104,2016-03-31T06:23:02Z
406899925,Chen Jia,288524,1,38217815,2016-04-01T05:43:20Z
406922511,Chen Jia,288524,1,38221231,2016-04-01T08:56:16Z
407631013,Chen Jia,288524,1,38281317,2016-04-04T06:05:45Z
407650658,Chen Jia,288524,1,38282971,2016-04-04T07:34:23Z
407712167,Chen Jia,288524,1,38291784,2016-04-04T14:01:54Z
407992769,Chen Jia,288524,1,38322490,2016-04-05T15:59:13Z
408325170,Chen Jia,288524,1,38355654,2016-04-06T16:19:28Z
408474649,Chen Jia,288524,1,38367671,2016-04-07T02:24:31Z
408786124,Chen Jia,288524,1,38396928,2016-04-08T05:08:06Z
408814014,Chen Jia,288524,1,38399997,2016-04-08T08:27:04Z
408816861,Chen Jia,288524,1,38400278,2016-04-08T08:41:19Z
409562439,michal_m2001,1973339,3,39579251,2016-05-26T11:46:10Z
409817800,Chen Jia,288524,1,38502020,2016-04-12T14:46:51Z
409912260,Chen Jia,288524,1,38515456,2016-04-13T04:53:15Z
410189150,Chen Jia,288524,1,38546700,2016-04-14T06:25:28Z
410364743,4b696d,1420318,1,38570642,2016-04-14T21:33:48Z
410400561,Chen Jia,288524,1,38576527,2016-04-15T03:40:31Z
410429099,Chen Jia,288524,1,38577756,2016-04-15T05:43:07Z
410436846,Chen Jia,288524,1,38578199,2016-04-15T06:11:43Z
410478818,4b696d,1420318,1,38580860,2016-04-15T08:22:38Z
410708894,zq19831230,3382871,1,38611177,2016-04-16T04:29:17Z
411688095,Chen Jia,288524,1,38693315,2016-04-19T12:07:08Z
411815622,hulagirl14,3695979,3,41390678,2016-08-11T14:51:45Z
412292821,NotInNebraska,3854013,1,38745527,2016-04-21T04:14:51Z
412451514,Luis36995_labuildings,3851527,1,38758079,2016-04-21T14:05:32Z
413453492,karitotp,2748195,1,38868970,2016-04-25T21:39:54Z
414258560,jamesks,2500,2,46254105,2017-02-20T19:46:56Z
415409815,sceic,3904945,1,39087743,2016-05-04T06:07:58Z
415667541,Chen Jia,288524,1,39109761,2016-05-05T00:04:43Z
415676318,Chen Jia,288524,1,39111001,2016-05-05T02:46:03Z
415935353,Chen Jia,288524,1,39133750,2016-05-06T03:25:28Z
415936243,Chen Jia,288524,1,39133885,2016-05-06T03:42:41Z
415981839,Chen Jia,288524,1,39135623,2016-05-06T06:09:32Z
415999058,Chen Jia,288524,1,39136021,2016-05-06T06:35:48Z
416012500,Chen Jia,288524,1,39136341,2016-05-06T06:56:05Z
416037817,Chen Jia,288524,1,39136949,2016-05-06T07:33:08Z
416079297,Chen Jia,288524,1,39138848,2016-05-06T09:20:21Z
416083847,Chen Jia,288524,1,39139186,2016-05-06T09:36:12Z
416144961,Chen Jia,288524,1,39143576,2016-05-06T13:08:36Z
416562317,xtianetkti,387066,1,39185297,2016-05-08T17:20:53Z
417440936,Chen Jia,288524,2,39258233,2016-05-12T05:58:43Z
417460694,Chen Jia,288524,1,39258233,2016-05-12T05:58:38Z
417500190,Chen Jia,288524,2,39261678,2016-05-12T09:15:18Z
417527768,Chen Jia,288524,1,39262393,2016-05-12T09:47:21Z
417618107,Chen Jia,288524,1,39269385,2016-05-12T14:50:18Z
417631410,Chen Jia,288524,1,39271275,2016-05-12T16:00:40Z
417638360,Chen Jia,288524,1,39272407,2016-05-12T16:40:24Z
417833241,Chen Jia,288524,1,39287950,2016-05-13T10:05:08Z
417937518,jamesks,2500,2,39498077,2016-05-22T23:18:15Z
419368182,Chen Jia,288524,1,39414588,2016-05-19T03:30:55Z
419381566,Chen Jia,288524,1,39415646,2016-05-19T05:49:34Z
419402727,Chen Jia,288524,1,39416961,2016-05-19T07:25:32Z
419425571,Chen Jia,288524,1,39418995,2016-05-19T09:16:12Z
419425671,Chen Jia,288524,1,39418995,2016-05-19T09:16:16Z
419439040,Chen Jia,288524,1,39420267,2016-05-19T10:17:08Z
419670271,jwsgchk,2054383,5,39535511,2016-05-24T14:54:37Z
419838220,u_kubota,421504,1,39466414,2016-05-21T09:24:30Z
419838324,u_kubota,421504,1,39466414,2016-05-21T09:24:38Z
421065212,michal_m2001,1973339,1,39580123,2016-05-26T12:26:16Z
422325589,Si-,2760878,1,39723985,2016-06-02T02:56:42Z
422325689,Si-,2760878,1,39723985,2016-06-02T02:56:46Z
422328213,Si-,2760878,1,39724284,2016-06-02T03:25:33Z
422329774,Si-,2760878,1,39724548,2016-06-02T03:55:15Z
422331472,Si-,2760878,1,39724824,2016-06-02T04:22:08Z
422369402,jaimemd,404532,1,39727276,2016-06-02T07:28:45Z
425987159,Jole22,4102363,1,40140104,2016-06-19T17:16:00Z
426066646,333de47320,1980884,1,40149537,2016-06-20T06:24:58Z
426311600,jamesks,2500,1,40178269,2016-06-21T11:39:14Z
426414858,Jole22,4102363,1,40188284,2016-06-21T19:04:14Z
429790760,Tooler,4225650,1,40559851,2016-07-08T03:51:37Z
433243515,tonybuaa,4315392,2,41060743,2016-07-27T11:46:56Z
434747709,slariamou,4335777,3,41254443,2016-08-05T08:17:19Z
435150380,Vencej,2028902,1,41169906,2016-08-01T14:56:54Z
436365033,DAJIBA,360397,1,41341227,2016-08-09T09:35:20Z
436572880,hulagirl14,3695979,1,41370441,2016-08-10T16:04:47Z
436603347,hulagirl14,3695979,1,41373923,2016-08-10T19:16:04Z
436615330,hulagirl14,3695979,1,41375679,2016-08-10T20:48:51Z
436626098,hulagirl14,3695979,1,41376512,2016-08-10T21:37:40Z
436739451,hulagirl14,3695979,1,41392169,2016-08-11T16:09:06Z
437592498,DAJIBA,360397,1,41513772,2016-08-17T14:42:44Z
438478472,OSM-Bremen,4446609,1,41627116,2016-08-23T00:26:48Z
438478621,OSM-Bremen,4446609,1,41627116,2016-08-23T00:26:57Z
438505767,OSM-Bremen,4446609,1,41632479,2016-08-23T08:35:26Z
439439957,CQET,4311741,1,41747508,2016-08-28T03:38:40Z
439646826,keeptalk,3479302,1,41769917,2016-08-29T06:32:25Z
439704445,OSM-Bremen,4446609,1,41777571,2016-08-29T13:17:37Z
439704553,OSM-Bremen,4446609,1,41777571,2016-08-29T13:17:46Z
439879743,DAJIBA,360397,1,41801067,2016-08-30T12:44:01Z
439898526,hanchao,499500,1,41805230,2016-08-30T15:46:42Z
440046527,hanchao,499500,1,41829170,2016-08-31T15:19:47Z
440190274,lsq278866125,4429867,2,41851583,2016-09-01T15:27:16Z
440194876,lsq278866125,4429867,1,41848570,2016-09-01T12:54:06Z
440196574,lsq278866125,4429867,1,41848784,2016-09-01T13:05:11Z
440212043,lsq278866125,4429867,2,41851466,2016-09-01T15:21:15Z
441729538,hanchao,499500,1,42052903,2016-09-10T05:45:43Z
442004198,hanchao,499500,1,42091408,2016-09-12T04:37:06Z
442079755,hanchao,499500,1,42103938,2016-09-12T15:45:13Z
442374263,hanchao,499500,1,42140357,2016-09-14T04:58:46Z
442400672,hanchao,499500,1,42144456,2016-09-14T09:13:34Z
442781371,hanchao,499500,1,42205834,2016-09-16T15:33:47Z
443020403,五星红旗,4595400,1,42244530,2016-09-18T10:59:54Z
443772628,hanchao,499500,1,42345472,2016-09-22T11:39:44Z
444098591,hanchao,499500,1,42399704,2016-09-24T06:44:42Z
444134520,hanchao,499500,1,42404815,2016-09-24T13:06:12Z
444267501,hanchao,499500,1,42422605,2016-09-25T12:41:25Z
444425382,hanchao,499500,1,42446148,2016-09-26T14:06:47Z
444593286,hanchao,499500,1,42472998,2016-09-27T15:24:56Z
445130188,hanchao,499500,1,42556254,2016-10-01T04:20:05Z
445444235,hanchao,499500,1,42600275,2016-10-03T09:19:53Z
446496262,hanchao,499500,1,42731136,2016-10-08T11:30:42Z
447252921,Supaplex,274857,1,42834908,2016-10-12T16:46:35Z
448749851,梦恬惜雨,4723812,1,43048551,2016-10-21T01:36:15Z
450210243,duxxa,632124,1,43282835,2016-10-30T12:40:41Z
450760140,hanchao,499500,1,43349245,2016-11-02T11:49:49Z
451306300,jamjpan,4814367,2,43693147,2016-11-16T09:21:00Z
453481910,hanchao,499500,1,43665631,2016-11-15T09:44:32Z
454485239,快乐书香虎,4794671,1,43797961,2016-11-19T12:40:48Z
455470422,hanchao,499500,1,43915342,2016-11-24T09:37:15Z
456795434,Vincent_Yangcheng,4320454,1,44062275,2016-11-30T15:21:43Z
458797293,快乐书香虎,4794671,1,44296631,2016-12-10T05:13:06Z
459367587,Helmchen42,1817244,1,44371141,2016-12-13T13:07:42Z
460189029,aighes,110639,1,44471916,2016-12-17T15:01:56Z
460189183,aighes,110639,1,44471916,2016-12-17T15:02:17Z
461665099,快乐书香虎,4794671,1,44657971,2016-12-25T09:10:57Z
462626880,jamesks,2500,1,44765314,2016-12-29T18:38:31Z
463090376,hanchao,499500,1,44825369,2017-01-01T16:13:04Z
463984154,Chen Jia,288524,1,44939931,2017-01-06T00:12:42Z
463985859,Chen Jia,288524,1,44940245,2017-01-06T00:36:26Z
465797742,hanchao,499500,1,45152291,2017-01-14T02:20:05Z
466643059,hanchao,499500,1,45241058,2017-01-17T12:05:12Z
466839082,快乐书香虎,4794671,1,45261625,2017-01-18T05:18:15Z
467677749,hanchao,499500,1,45362881,2017-01-22T04:03:27Z
468392433,rza31,2137840,1,45438535,2017-01-24T14:54:11Z
468392552,rza31,2137840,1,45438535,2017-01-24T14:54:17Z
468428258,Алекс Мок,4814295,1,45441255,2017-01-24T16:42:34Z
468464126,Алекс Мок,4814295,1,45444510,2017-01-24T18:30:39Z
468515408,rza31,2137840,1,45450464,2017-01-24T21:19:33Z
468742809,rza31,2137840,1,45477027,2017-01-25T14:11:05Z
468813247,Алекс Мок,4814295,1,45486062,2017-01-25T18:46:42Z
468822300,Алекс Мок,4814295,1,45486640,2017-01-25T19:03:31Z
468844131,Алекс Мок,4814295,1,45489305,2017-01-25T20:25:36Z
468870452,Алекс Мок,4814295,1,45490252,2017-01-25T20:57:20Z
468883711,rza31,2137840,1,45490593,2017-01-25T21:10:58Z
468890377,Алекс Мок,4814295,1,45491058,2017-01-25T21:27:58Z
469512043,Алекс Мок,4814295,1,45568355,2017-01-27T17:36:23Z
469518343,Алекс Мок,4814295,1,45569500,2017-01-27T18:14:45Z
469539626,Алекс Мок,4814295,1,45572762,2017-01-27T20:06:22Z
470051643,7thgrade,4893896,1,45633169,2017-01-29T21:36:04Z
470062386,7thgrade,4893896,1,45634247,2017-01-29T22:31:13Z
471022708,jamesks,2500,1,45712013,2017-02-01T10:40:43Z
474312272,林明月香,5281102,1,46039473,2017-02-13T08:20:51Z
474642517,ik999,5317590,2,46084345,2017-02-14T16:56:53Z
474747283,ik999,5317590,1,46097766,2017-02-15T06:53:54Z
474747383,ik999,5317590,1,46097766,2017-02-15T06:53:59Z
474754827,ik999,5317590,1,46098527,2017-02-15T07:40:05Z
474754959,ik999,5317590,1,46098527,2017-02-15T07:40:10Z
474755070,ik999,5317590,1,46098527,2017-02-15T07:40:14Z
474759891,ik999,5317590,1,46099196,2017-02-15T08:04:27Z
474760001,ik999,5317590,1,46099196,2017-02-15T08:04:32Z
474781483,ik999,5317590,1,46101751,2017-02-15T09:45:59Z
474799829,ik999,5317590,1,46103527,2017-02-15T10:59:35Z
475444870,Vencej,2028902,1,46188156,2017-02-18T09:51:45Z
475930063,jamesks,2500,1,46254105,2017-02-20T20:11:06Z
476106747,Алекс Мок,4814295,1,46279267,2017-02-21T16:06:46Z
476128582,Алекс Мок,4814295,1,46282473,2017-02-21T18:21:19Z
476128692,Алекс Мок,4814295,1,46282473,2017-02-21T18:21:24Z
476128795,Алекс Мок,4814295,1,46282473,2017-02-21T18:21:29Z
477227298,Chen Jia,288524,1,46409115,2017-02-26T07:48:16Z
477239808,Chen Jia,288524,1,46410629,2017-02-26T09:16:35Z
477239909,Chen Jia,288524,1,46410629,2017-02-26T09:16:39Z
477258207,Chen Jia,288524,1,46412931,2017-02-26T11:08:48Z
477267148,Chen Jia,288524,1,46413973,2017-02-26T12:02:08Z
477296540,Chen Jia,288524,1,46418435,2017-02-26T15:37:44Z
